file,date,latitude,longitude,ocean,profiler_type,institution,date_update
,UTC,degrees_north,degrees_east,,,,UTC
aoml/13857/profiles/R13857_001.nc,1997-07-29T20:03:00Z,0.267,-16.032,A,845,AO,2018-10-11T18:05:20Z
aoml/13857/profiles/R13857_002.nc,1997-08-09T19:21:12Z,0.072,-17.659,A,845,AO,2018-10-11T18:05:21Z
aoml/13857/profiles/R13857_003.nc,1997-08-20T18:45:45Z,0.543,-19.622,A,845,AO,2018-10-11T18:05:21Z
aoml/13857/profiles/R13857_004.nc,1997-08-31T19:39:05Z,1.256,-20.521,A,845,AO,2018-10-11T18:05:21Z
aoml/13857/profiles/R13857_005.nc,1997-09-11T18:58:08Z,0.72,-20.768,A,845,AO,2018-10-11T18:05:21Z
aoml/13857/profiles/R13857_006.nc,1997-09-22T19:57:02Z,1.756,-21.566,A,845,AO,2018-10-11T18:05:22Z
aoml/13857/profiles/R13857_007.nc,1997-10-03T19:15:49Z,2.595,-21.564,A,845,AO,2018-10-11T18:05:22Z
aoml/13857/profiles/R13857_008.nc,1997-10-14T18:39:35Z,1.761,-21.587,A,845,AO,2018-10-11T18:05:22Z
aoml/13857/profiles/R13857_009.nc,1997-10-25T19:32:34Z,1.804,-21.774,A,845,AO,2018-10-11T18:05:22Z
aoml/13857/profiles/R13857_010.nc,1997-11-05T18:51:42Z,1.642,-21.362,A,845,AO,2018-10-11T18:05:22Z
aoml/13857/profiles/R13857_011.nc,1997-11-16T19:49:09Z,1.708,-20.758,A,845,AO,2018-10-11T18:05:23Z
aoml/13857/profiles/R13857_012.nc,1997-11-27T19:07:05Z,2.048,-20.224,A,845,AO,2018-10-11T18:05:23Z
aoml/13857/profiles/R13857_013.nc,1997-12-08T18:39:13Z,2.087,-19.769,A,845,AO,2018-10-11T18:05:23Z
aoml/13857/profiles/R13857_014.nc,1997-12-19T19:23:56Z,2.674,-20.144,A,845,AO,2018-10-11T18:05:23Z
aoml/13857/profiles/R13857_015.nc,1997-12-30T18:44:22Z,2.89,-20.433,A,845,AO,2018-10-11T18:05:24Z
aoml/13857/profiles/R13857_016.nc,1998-01-10T19:41:40Z,2.818,-20.699,A,845,AO,2018-10-11T18:05:24Z
aoml/13857/profiles/R13857_017.nc,1998-01-21T19:00:33Z,2.94,-20.789,A,845,AO,2018-10-11T18:05:24Z
aoml/13857/profiles/R13857_018.nc,1998-02-01T19:58:31Z,3.224,-20.757,A,845,AO,2018-10-11T18:05:24Z
aoml/13857/profiles/R13857_019.nc,1998-02-12T19:15:55Z,3.757,-20.953,A,845,AO,2018-10-11T18:05:24Z
aoml/13857/profiles/R13857_020.nc,1998-02-23T18:40:16Z,3.935,-20.805,A,845,AO,2018-10-11T18:05:25Z
aoml/13857/profiles/R13857_021.nc,1998-03-06T19:32:54Z,4.006,-20.016,A,845,AO,2018-10-11T18:05:25Z
aoml/13857/profiles/R13857_022.nc,1998-03-17T18:54:46Z,3.841,-19.594,A,845,AO,2018-10-11T18:05:25Z
aoml/13857/profiles/R13857_023.nc,1998-03-29T02:54:35Z,3.84,-19.004,A,845,AO,2018-10-11T18:05:26Z
aoml/13857/profiles/R13857_024.nc,1998-04-08T19:06:03Z,3.529,-19.409,A,845,AO,2018-10-11T18:05:26Z
aoml/13857/profiles/R13857_025.nc,1998-04-19T20:05:01Z,3.59,-19.398,A,845,AO,2018-10-11T18:05:26Z
aoml/13857/profiles/R13857_026.nc,1998-04-30T19:22:48Z,3.815,-19.252,A,845,AO,2018-10-11T18:05:27Z
aoml/13857/profiles/R13857_027.nc,1998-05-11T18:46:06Z,3.541,-19.034,A,845,AO,2018-10-11T18:05:27Z
aoml/13857/profiles/R13857_028.nc,1998-05-22T19:38:32Z,3.347,-18.711,A,845,AO,2018-10-11T18:05:27Z
aoml/13857/profiles/R13857_029.nc,1998-06-02T18:56:50Z,3.236,-18.883,A,845,AO,2018-10-11T18:05:27Z
aoml/13857/profiles/R13857_030.nc,1998-06-13T19:54:05Z,3.317,-18.781,A,845,AO,2018-10-11T18:05:28Z
aoml/13857/profiles/R13857_031.nc,1998-06-24T19:11:55Z,3.424,-18.946,A,845,AO,2018-10-11T18:05:28Z
aoml/13857/profiles/R13857_032.nc,1998-07-05T20:09:58Z,3.244,-19.063,A,845,AO,2018-10-11T18:05:28Z
aoml/13857/profiles/R13857_033.nc,1998-07-16T19:27:20Z,3.34,-19.104,A,845,AO,2018-10-11T18:05:28Z
aoml/13857/profiles/R13857_034.nc,1998-07-27T18:47:56Z,3.553,-19.28,A,845,AO,2018-10-11T18:05:29Z
aoml/13857/profiles/R13857_035.nc,1998-08-07T19:42:27Z,3.927,-18.815,A,845,AO,2018-10-11T18:05:29Z
aoml/13857/profiles/R13857_036.nc,1998-08-18T18:59:35Z,3.736,-18.552,A,845,AO,2018-10-11T18:05:29Z
aoml/13857/profiles/R13857_037.nc,1998-08-29T19:58:27Z,3.622,-18.176,A,845,AO,2018-10-11T18:05:30Z
aoml/13857/profiles/R13857_038.nc,1998-09-09T19:16:24Z,3.786,-18.031,A,845,AO,2018-10-11T18:05:30Z
aoml/13857/profiles/R13857_039.nc,1998-09-20T20:13:46Z,3.979,-17.841,A,845,AO,2018-10-11T18:05:30Z
aoml/13857/profiles/R13857_040.nc,1998-10-01T19:29:09Z,3.723,-17.854,A,845,AO,2018-10-11T18:05:30Z
aoml/13857/profiles/R13857_041.nc,1998-10-12T18:48:49Z,3.704,-17.962,A,845,AO,2018-10-11T18:05:30Z
aoml/13857/profiles/R13857_042.nc,1998-10-23T19:44:11Z,3.758,-17.823,A,845,AO,2018-10-11T18:05:31Z
aoml/13857/profiles/R13857_043.nc,1998-11-03T19:00:22Z,3.652,-17.7,A,845,AO,2018-10-11T18:05:31Z
aoml/13857/profiles/R13857_044.nc,1998-11-14T19:59:44Z,3.512,-17.996,A,845,AO,2018-10-11T18:05:31Z
aoml/13857/profiles/R13857_045.nc,1998-11-25T19:14:19Z,3.51,-18.453,A,845,AO,2018-10-11T18:05:31Z
aoml/13857/profiles/R13857_046.nc,1998-12-06T20:13:07Z,3.423,-18.92,A,845,AO,2018-10-11T18:05:31Z
aoml/13857/profiles/R13857_047.nc,1998-12-17T20:21:39Z,3.264,-18.769,A,845,AO,2018-10-11T18:05:32Z
aoml/13857/profiles/R13857_048.nc,1998-12-28T19:40:08Z,3.261,-18.833,A,845,AO,2018-10-11T18:05:32Z
aoml/13857/profiles/R13857_049.nc,1999-01-08T19:01:46Z,3.285,-18.837,A,845,AO,2018-10-11T18:05:32Z
aoml/13857/profiles/R13857_050.nc,1999-01-19T19:55:01Z,3.057,-19.111,A,845,AO,2018-10-11T18:05:32Z
aoml/13857/profiles/R13857_051.nc,1999-01-30T19:13:34Z,3.361,-19.263,A,845,AO,2018-10-11T18:05:33Z
aoml/13857/profiles/R13857_052.nc,1999-02-10T20:08:56Z,3.313,-19.604,A,845,AO,2018-10-11T18:05:33Z
aoml/13857/profiles/R13857_053.nc,1999-02-21T19:29:51Z,3.524,-20.167,A,845,AO,2018-10-11T18:05:33Z
aoml/13857/profiles/R13857_054.nc,1999-03-04T20:28:11Z,3.514,-20.78,A,845,AO,2018-10-11T18:05:33Z
aoml/13857/profiles/R13857_055.nc,1999-03-15T19:41:01Z,3.484,-21.234,A,845,AO,2018-10-11T18:05:34Z
aoml/13857/profiles/R13857_056.nc,1999-03-26T20:37:42Z,3.218,-21.733,A,845,AO,2018-10-11T18:05:34Z
aoml/13857/profiles/R13857_057.nc,1999-04-06T18:52:58Z,3.25,-22.464,A,845,AO,2018-10-11T18:05:34Z
aoml/13857/profiles/R13857_058.nc,1999-04-17T19:17:28Z,3.45,-22.955,A,845,AO,2018-10-11T18:05:34Z
aoml/13857/profiles/R13857_059.nc,1999-04-28T19:06:13Z,3.598,-23.189,A,845,AO,2018-10-11T18:05:35Z
aoml/13857/profiles/R13857_060.nc,1999-05-09T19:29:19Z,3.542,-23.346,A,845,AO,2018-10-11T18:05:35Z
aoml/13857/profiles/R13857_061.nc,1999-05-20T19:16:02Z,3.663,-23.288,A,845,AO,2018-10-11T18:05:35Z
aoml/13857/profiles/R13857_062.nc,1999-05-31T19:41:22Z,3.407,-23.657,A,845,AO,2018-10-11T18:05:36Z
aoml/13857/profiles/R13857_063.nc,1999-06-11T19:27:02Z,3.831,-23.867,A,845,AO,2018-10-11T18:05:36Z
aoml/13857/profiles/R13857_064.nc,1999-06-22T18:55:19Z,3.896,-24.049,A,845,AO,2018-10-11T18:05:36Z
aoml/13857/profiles/R13857_065.nc,1999-07-03T19:16:09Z,3.745,-24.331,A,845,AO,2018-10-11T18:05:36Z
aoml/13857/profiles/R13857_066.nc,1999-07-14T18:58:39Z,3.661,-24.873,A,845,AO,2018-10-11T18:05:36Z
aoml/13857/profiles/R13857_067.nc,1999-07-25T19:26:40Z,3.277,-25.326,A,845,AO,2018-10-11T18:05:37Z
aoml/13857/profiles/R13857_068.nc,1999-08-05T19:03:42Z,3.427,-26.257,A,845,AO,2018-10-11T18:05:37Z
aoml/13857/profiles/R13857_069.nc,1999-08-16T19:38:14Z,3.52,-26.572,A,845,AO,2018-10-11T18:05:37Z
aoml/13857/profiles/R13857_070.nc,1999-08-27T19:15:01Z,3.423,-26.812,A,845,AO,2018-10-11T18:05:37Z
aoml/13857/profiles/R13857_071.nc,1999-09-07T19:50:55Z,3.782,-27.274,A,845,AO,2018-10-11T18:05:37Z
aoml/13857/profiles/R13857_072.nc,1999-09-18T19:23:19Z,3.865,-27.497,A,845,AO,2018-10-11T18:05:38Z
aoml/13857/profiles/R13857_073.nc,1999-09-29T20:02:08Z,4.086,-27.339,A,845,AO,2018-10-11T18:05:38Z
aoml/13857/profiles/R13857_074.nc,1999-10-10T19:46:46Z,3.868,-27.049,A,845,AO,2018-10-11T18:05:38Z
aoml/13857/profiles/R13857_075.nc,1999-10-21T20:12:21Z,3.983,-27.102,A,845,AO,2018-10-11T18:05:38Z
aoml/13857/profiles/R13857_076.nc,1999-11-01T19:33:55Z,4.027,-27.333,A,845,AO,2018-10-11T18:05:38Z
aoml/13857/profiles/R13857_077.nc,1999-11-12T20:23:15Z,3.832,-27.576,A,845,AO,2018-10-11T18:05:39Z
aoml/13857/profiles/R13857_078.nc,1999-11-23T18:59:24Z,4.116,-27.749,A,845,AO,2018-10-11T18:05:39Z
aoml/13857/profiles/R13857_079.nc,1999-12-04T20:34:48Z,3.971,-28.342,A,845,AO,2018-10-11T18:05:39Z
aoml/13857/profiles/R13857_080.nc,1999-12-15T19:52:34Z,3.757,-28.457,A,845,AO,2018-10-11T18:05:39Z
aoml/13857/profiles/R13857_081.nc,1999-12-26T19:19:51Z,3.965,-28.355,A,845,AO,2018-10-11T18:05:39Z
aoml/13857/profiles/R13857_082.nc,2000-01-06T18:59:41Z,4.449,-28.365,A,845,AO,2018-10-11T18:05:40Z
aoml/13857/profiles/R13857_083.nc,2000-01-17T20:54:11Z,4.474,-28.664,A,845,AO,2018-10-11T18:05:40Z
aoml/13857/profiles/R13857_084.nc,2000-01-28T20:14:08Z,4.076,-28.653,A,845,AO,2018-10-11T18:05:40Z
aoml/13857/profiles/R13857_085.nc,2000-02-08T19:17:26Z,3.544,-28.55,A,845,AO,2018-10-11T18:05:40Z
aoml/13857/profiles/R13857_086.nc,2000-02-19T20:20:56Z,3.85,-28.523,A,845,AO,2018-10-11T18:05:40Z
aoml/13857/profiles/R13857_087.nc,2000-03-01T19:38:05Z,4.394,-28.602,A,845,AO,2018-10-11T18:05:41Z
aoml/13857/profiles/R13857_088.nc,2000-03-12T20:30:47Z,4.44,-28.69,A,845,AO,2018-10-11T18:05:41Z
aoml/13857/profiles/R13857_089.nc,2000-03-23T19:14:09Z,3.901,-29.034,A,845,AO,2018-10-11T18:05:41Z
aoml/13857/profiles/R13857_090.nc,2000-04-03T20:37:52Z,3.47,-29.791,A,845,AO,2018-10-11T18:05:41Z
aoml/13857/profiles/R13857_091.nc,2000-04-14T19:50:04Z,3.228,-30.619,A,845,AO,2018-10-11T18:05:42Z
aoml/13857/profiles/R13857_092.nc,2000-04-25T19:36:47Z,3.041,-31.59,A,845,AO,2018-10-11T18:05:42Z
aoml/13857/profiles/R13857_093.nc,2000-05-06T19:09:45Z,2.92,-32.245,A,845,AO,2018-10-11T18:05:42Z
aoml/13857/profiles/R13857_094.nc,2000-05-17T20:53:23Z,3.086,-33.107,A,845,AO,2018-10-11T18:05:42Z
aoml/13857/profiles/R13857_095.nc,2000-05-28T19:53:38Z,3.415,-33.658,A,845,AO,2018-10-11T18:05:42Z
aoml/13857/profiles/R13857_096.nc,2000-06-08T19:27:58Z,3.735,-33.757,A,845,AO,2018-10-11T18:05:43Z
aoml/13857/profiles/R13857_097.nc,2000-06-19T19:11:46Z,4.358,-33.239,A,845,AO,2018-10-11T18:05:43Z
aoml/13857/profiles/R13857_098.nc,2000-06-30T21:05:20Z,4.95,-32.428,A,845,AO,2018-10-11T18:05:43Z
aoml/13857/profiles/R13857_099.nc,2000-07-11T19:52:33Z,4.667,-31.344,A,845,AO,2018-10-11T18:05:43Z
aoml/13857/profiles/R13857_100.nc,2000-07-22T19:18:41Z,4.563,-30.816,A,845,AO,2018-10-11T18:05:43Z
aoml/13857/profiles/R13857_101.nc,2000-08-02T20:24:51Z,4.669,-30.208,A,845,AO,2018-10-11T18:05:44Z
aoml/13857/profiles/R13857_102.nc,2000-08-13T19:41:30Z,5.24,-29.452,A,845,AO,2018-10-11T18:05:44Z
aoml/13857/profiles/R13857_103.nc,2000-08-24T19:40:22Z,5.832,-28.832,A,845,AO,2018-10-11T18:05:44Z
aoml/13857/profiles/R13857_104.nc,2000-09-04T19:15:34Z,6.102,-28.656,A,845,AO,2018-10-11T18:05:44Z
aoml/13857/profiles/R13857_105.nc,2000-09-15T19:38:17Z,6.413,-28.674,A,845,AO,2018-10-11T18:05:45Z
aoml/13857/profiles/R13857_106.nc,2000-09-26T19:50:11Z,6.859,-28.683,A,845,AO,2018-10-11T18:05:45Z
aoml/13857/profiles/R13857_107.nc,2000-10-07T19:23:53Z,6.398,-28.331,A,845,AO,2018-10-11T18:05:45Z
aoml/13857/profiles/R13857_108.nc,2000-10-18T19:51:57Z,6.015,-27.892,A,845,AO,2018-10-11T18:05:46Z
aoml/13857/profiles/R13857_109.nc,2000-10-29T19:33:06Z,5.937,-27.003,A,845,AO,2018-10-11T18:05:46Z
aoml/13857/profiles/R13857_110.nc,2000-11-09T19:40:40Z,6.525,-26.782,A,845,AO,2018-10-11T18:05:46Z
aoml/13857/profiles/R13857_111.nc,2000-11-20T19:20:32Z,6.739,-26.675,A,845,AO,2018-10-11T18:05:47Z
aoml/13857/profiles/R13857_112.nc,2000-12-01T19:57:35Z,6.482,-26.606,A,845,AO,2018-10-11T18:05:47Z
aoml/13857/profiles/R13857_113.nc,2000-12-12T19:27:09Z,6.258,-27.009,A,845,AO,2018-10-11T18:05:47Z
aoml/13857/profiles/R13857_114.nc,2000-12-23T19:28:17Z,5.844,-27.645,A,845,AO,2018-10-11T18:05:48Z
aoml/13857/profiles/R13857_115.nc,2001-01-03T19:27:12Z,5.637,-28.368,A,845,AO,2018-10-11T18:05:48Z
aoml/13857/profiles/R13857_116.nc,2001-01-14T20:00:44Z,5.325,-28.833,A,845,AO,2018-10-11T18:05:48Z
aoml/13857/profiles/R13857_117.nc,2001-01-25T19:36:28Z,4.757,-28.534,A,845,AO,2018-10-11T18:05:48Z
aoml/13857/profiles/R13857_118.nc,2001-02-05T20:00:17Z,4.504,-28.108,A,845,AO,2018-10-11T18:05:49Z
aoml/13857/profiles/R13857_119.nc,2001-02-16T20:51:27Z,4.762,-27.825,A,845,AO,2018-10-11T18:05:49Z
aoml/13857/profiles/R13857_120.nc,2001-02-27T19:45:55Z,5.191,-27.423,A,845,AO,2018-10-11T18:05:49Z
aoml/13857/profiles/R13857_121.nc,2001-03-10T20:53:44Z,5.069,-27.29,A,845,AO,2018-10-11T18:05:50Z
aoml/13857/profiles/R13857_122.nc,2001-03-21T20:04:40Z,4.839,-27.643,A,845,AO,2018-10-11T18:05:50Z
aoml/13857/profiles/R13857_123.nc,2001-04-01T19:54:02Z,4.856,-27.887,A,845,AO,2018-10-11T18:05:50Z
aoml/13857/profiles/R13857_124.nc,2001-04-12T20:05:49Z,4.937,-28.113,A,845,AO,2018-10-11T18:05:51Z
aoml/13857/profiles/R13857_125.nc,2001-04-23T20:53:45Z,5.073,-28.245,A,845,AO,2018-10-11T18:05:51Z
aoml/13857/profiles/R13857_126.nc,2001-05-04T20:03:01Z,5.384,-28.137,A,845,AO,2018-10-11T18:05:51Z
aoml/13857/profiles/R13857_127.nc,2001-05-15T20:53:04Z,5.102,-27.711,A,845,AO,2018-10-11T18:05:52Z
aoml/13857/profiles/R13857_128.nc,2001-05-26T21:43:06Z,4.392,-27.604,A,845,AO,2018-10-11T18:05:52Z
aoml/13857/profiles/R13857_129.nc,2001-06-06T20:11:58Z,4.266,-27.578,A,845,AO,2018-10-11T18:05:52Z
aoml/13857/profiles/R13857_130.nc,2001-06-17T21:43:05Z,4.809,-27.307,A,845,AO,2018-10-11T18:05:52Z
aoml/13857/profiles/R13857_131.nc,2001-06-28T20:50:27Z,5.002,-26.811,A,845,AO,2018-10-11T18:05:53Z
aoml/13857/profiles/R13857_132.nc,2001-07-09T21:42:03Z,4.876,-26.261,A,845,AO,2018-10-11T18:05:53Z
aoml/13857/profiles/R13857_133.nc,2001-07-20T20:50:03Z,5.548,-26.004,A,845,AO,2018-10-11T18:05:53Z
aoml/13857/profiles/R13857_134.nc,2001-07-31T21:38:16Z,5.449,-25.86,A,845,AO,2018-10-11T18:05:54Z
aoml/13857/profiles/R13857_135.nc,2001-08-11T22:30:22Z,5.251,-25.735,A,845,AO,2018-10-11T18:05:54Z
aoml/13857/profiles/R13857_136.nc,2001-08-22T21:38:32Z,5.314,-25.618,A,845,AO,2018-10-11T18:05:54Z
aoml/13857/profiles/R13857_137.nc,2001-09-02T19:11:05Z,5.387,-25.473,A,845,AO,2018-10-11T18:05:54Z
aoml/13857/profiles/R13857_138.nc,2001-09-13T18:44:29Z,5.285,-25.239,A,845,AO,2018-10-11T18:05:55Z
aoml/13857/profiles/R13857_139.nc,2001-09-24T19:08:11Z,4.974,-24.968,A,845,AO,2018-10-11T18:05:55Z
aoml/13857/profiles/R13857_140.nc,2001-10-05T19:22:13Z,5.149,-24.432,A,845,AO,2019-10-24T21:15:17Z
aoml/13858/profiles/R13858_001.nc,1997-07-28T20:26:20Z,-0.126,-11.863,A,845,AO,2018-10-11T18:05:56Z
aoml/13858/profiles/R13858_002.nc,1997-08-09T01:52:41Z,-0.035,-13.83,A,845,AO,2018-10-11T18:05:56Z
aoml/13858/profiles/R13858_003.nc,1997-08-19T20:44:44Z,0.68,-15.744,A,845,AO,2018-10-11T18:05:57Z
aoml/13858/profiles/R13858_004.nc,1997-08-30T20:12:43Z,0.76,-16.674,A,845,AO,2018-10-11T18:05:57Z
aoml/13858/profiles/R13858_005.nc,1997-09-10T21:03:19Z,1.21,-17.133,A,845,AO,2018-10-11T18:05:57Z
aoml/13858/profiles/R13858_006.nc,1997-09-21T20:19:15Z,1.403,-17.74,A,845,AO,2018-10-11T18:05:57Z
aoml/13858/profiles/R13858_007.nc,1997-10-03T01:53:47Z,1.263,-17.734,A,845,AO,2018-10-11T18:05:58Z
aoml/13858/profiles/R13858_008.nc,1997-10-13T20:37:03Z,1.756,-17.189,A,845,AO,2018-10-11T18:05:58Z
aoml/13858/profiles/R13858_009.nc,1997-10-24T20:05:22Z,1.191,-16.437,A,845,AO,2018-10-11T18:05:58Z
aoml/13858/profiles/R13858_010.nc,1997-11-04T20:55:40Z,1.409,-16.039,A,845,AO,2018-10-11T18:05:59Z
aoml/13858/profiles/R13858_011.nc,1997-11-15T20:11:40Z,1.177,-15.451,A,845,AO,2018-10-11T18:05:59Z
aoml/13858/profiles/R13858_012.nc,1997-11-27T01:52:43Z,1.132,-15.075,A,845,AO,2018-10-11T18:05:59Z
aoml/13858/profiles/R13858_013.nc,1997-12-07T20:30:55Z,1.182,-14.329,A,845,AO,2018-10-11T18:06:00Z
aoml/13858/profiles/R13858_014.nc,1997-12-19T02:49:09Z,1.285,-13.586,A,845,AO,2018-10-11T18:06:00Z
aoml/13858/profiles/R13858_015.nc,1997-12-29T20:48:55Z,1.766,-13.488,A,845,AO,2018-10-11T18:06:00Z
aoml/13858/profiles/R13858_016.nc,1998-01-09T20:10:10Z,2.086,-13.593,A,845,AO,2018-10-11T18:06:01Z
aoml/13858/profiles/R13858_017.nc,1998-01-21T01:51:04Z,2.533,-14.115,A,845,AO,2018-10-11T18:06:01Z
aoml/13858/profiles/R13858_018.nc,1998-01-31T20:21:22Z,2.923,-15.016,A,845,AO,2018-10-11T18:06:01Z
aoml/13858/profiles/R13858_019.nc,1998-02-12T02:47:20Z,3.11,-15.901,A,845,AO,2018-10-11T18:06:01Z
aoml/13858/profiles/R13858_020.nc,1998-02-22T20:38:16Z,3.042,-16.634,A,845,AO,2018-10-11T18:06:02Z
aoml/13858/profiles/R13858_021.nc,1998-03-05T20:06:40Z,3.115,-16.874,A,845,AO,2018-10-11T18:06:02Z
aoml/13858/profiles/R13858_022.nc,1998-03-16T20:57:05Z,3.125,-17.081,A,845,AO,2018-10-11T18:06:02Z
aoml/13858/profiles/R13858_023.nc,1998-03-27T20:11:55Z,3.171,-17.515,A,845,AO,2018-10-11T18:06:03Z
aoml/13858/profiles/R13858_024.nc,1998-04-08T02:45:13Z,3.318,-17.623,A,845,AO,2018-10-11T18:06:03Z
aoml/13858/profiles/R13858_025.nc,1998-04-18T20:28:59Z,3.358,-17.668,A,845,AO,2018-10-11T18:06:03Z
aoml/13858/profiles/R13858_026.nc,1998-04-30T02:07:29Z,3.699,-17.332,A,845,AO,2018-10-11T18:06:03Z
aoml/13858/profiles/R13858_027.nc,1998-05-10T20:45:39Z,3.96,-16.714,A,845,AO,2018-10-11T18:06:04Z
aoml/13858/profiles/R13858_028.nc,1998-05-21T20:08:57Z,4.15,-15.962,A,845,AO,2018-10-11T18:06:04Z
aoml/13858/profiles/R13858_029.nc,1998-06-02T02:41:15Z,3.998,-15.254,A,845,AO,2018-10-11T18:06:04Z
aoml/13858/profiles/R13858_030.nc,1998-06-12T20:18:12Z,4.127,-14.585,A,845,AO,2018-10-11T18:06:05Z
aoml/13858/profiles/R13858_031.nc,1998-06-24T02:00:06Z,4.175,-14.048,A,845,AO,2018-10-11T18:06:05Z
aoml/13858/profiles/R13858_032.nc,1998-07-04T20:35:34Z,4.17,-13.926,A,845,AO,2018-10-11T18:06:05Z
aoml/13858/profiles/R13858_033.nc,1998-07-16T02:55:13Z,4.183,-13.769,A,845,AO,2018-10-11T18:06:05Z
aoml/13858/profiles/R13858_034.nc,1998-07-27T02:37:14Z,4.276,-13.47,A,845,AO,2018-10-11T18:06:06Z
aoml/13858/profiles/R13858_035.nc,1998-08-06T20:11:11Z,4.322,-13.134,A,845,AO,2018-10-11T18:06:06Z
aoml/13858/profiles/R13858_036.nc,1998-08-18T01:56:55Z,4.221,-12.887,A,845,AO,2018-10-11T18:06:06Z
aoml/13858/profiles/R13858_037.nc,1998-08-28T20:22:40Z,4.292,-12.702,A,845,AO,2018-10-11T18:06:07Z
aoml/13858/profiles/R13858_038.nc,1998-09-09T02:50:30Z,4.275,-12.415,A,845,AO,2018-10-11T18:06:07Z
aoml/13858/profiles/R13858_039.nc,1998-09-20T04:07:55Z,4.126,-12.116,A,845,AO,2018-10-11T18:06:07Z
aoml/13858/profiles/R13858_040.nc,1998-10-01T02:09:51Z,3.997,-11.792,A,845,AO,2018-10-11T18:06:07Z
aoml/13858/profiles/R13858_041.nc,1998-10-12T03:25:33Z,3.732,-11.3,A,845,AO,2018-10-11T18:06:08Z
aoml/13858/profiles/R13858_042.nc,1998-10-22T20:09:23Z,3.94,-10.925,A,845,AO,2018-10-11T18:06:08Z
aoml/13858/profiles/R13858_043.nc,1998-11-03T02:42:30Z,3.852,-10.152,A,845,AO,2018-10-11T18:06:08Z
aoml/13858/profiles/R13858_044.nc,1998-11-14T02:23:54Z,4.015,-9.558,A,845,AO,2018-10-11T18:06:08Z
aoml/13858/profiles/R13858_045.nc,1998-11-25T02:01:50Z,4.6,-9.756,A,845,AO,2018-10-11T18:06:09Z
aoml/13858/profiles/R13858_046.nc,1998-12-06T03:16:18Z,5.203,-10.046,A,845,AO,2018-10-11T18:06:09Z
aoml/13858/profiles/R13858_047.nc,1998-12-16T20:42:42Z,5.179,-9.934,A,845,AO,2018-10-11T18:06:09Z
aoml/13858/profiles/R13858_048.nc,1998-12-27T20:00:25Z,4.975,-9.612,A,845,AO,2018-10-11T18:06:09Z
aoml/13859/profiles/R13859_001.nc,1997-07-30T14:45:11Z,0.236,-19.688,A,845,AO,2018-10-11T18:09:03Z
aoml/13859/profiles/R13859_002.nc,1997-08-10T14:26:23Z,0.054,-20.39,A,845,AO,2018-10-11T18:09:03Z
aoml/13859/profiles/R13859_003.nc,1997-08-21T14:07:27Z,-0.011,-21.299,A,845,AO,2024-07-22T21:16:29Z
aoml/13859/profiles/R13859_004.nc,1997-09-01T15:27:23Z,0.483,-22.395,A,845,AO,2018-10-11T18:09:04Z
aoml/13859/profiles/R13859_005.nc,1997-09-12T15:09:07Z,0.017,-23.218,A,845,AO,2018-10-11T18:09:04Z
aoml/13859/profiles/R13859_006.nc,1997-09-23T14:46:49Z,-0.235,-24.002,A,845,AO,2018-10-11T18:09:04Z
aoml/13859/profiles/R13859_007.nc,1997-10-04T14:28:43Z,0.67,-24.427,A,845,AO,2018-10-11T18:09:05Z
aoml/13859/profiles/R13859_008.nc,1997-10-15T15:46:26Z,-0.058,-25.251,A,845,AO,2018-10-11T18:09:05Z
aoml/13859/profiles/R13859_009.nc,1997-10-26T15:25:20Z,-0.828,-25.968,A,845,AO,2018-10-11T18:09:05Z
aoml/13859/profiles/R13859_010.nc,1997-11-06T15:06:03Z,-0.589,-26.379,A,845,AO,2018-10-11T18:09:05Z
aoml/13859/profiles/R13859_011.nc,1997-11-17T14:47:16Z,-0.184,-27.062,A,845,AO,2024-07-22T21:16:31Z
aoml/13859/profiles/R13859_012.nc,1997-11-28T14:29:47Z,-0.521,-27.319,A,845,AO,2018-10-11T18:09:06Z
aoml/13859/profiles/R13859_013.nc,1997-12-09T15:44:01Z,-0.305,-26.659,A,845,AO,2018-10-11T18:09:06Z
aoml/13859/profiles/R13859_014.nc,1997-12-20T15:25:09Z,0.491,-25.636,A,845,AO,2018-10-11T18:09:07Z
aoml/13859/profiles/R13859_015.nc,1997-12-31T15:04:26Z,0.53,-24.485,A,845,AO,2018-10-11T18:09:07Z
aoml/13859/profiles/R13859_016.nc,1998-01-11T14:46:40Z,1.119,-23.622,A,845,AO,2018-10-11T18:09:07Z
aoml/13859/profiles/R13859_017.nc,1998-01-22T14:26:48Z,0.631,-22.459,A,845,AO,2018-10-11T18:09:07Z
aoml/13859/profiles/R13859_018.nc,1998-02-02T14:07:13Z,0.815,-21.33,A,845,AO,2018-10-11T18:09:08Z
aoml/13859/profiles/R13859_019.nc,1998-02-13T15:22:35Z,1.419,-21.122,A,845,AO,2018-10-11T18:09:08Z
aoml/13859/profiles/R13859_020.nc,1998-02-24T15:01:33Z,1.411,-21.111,A,845,AO,2018-10-11T18:09:08Z
aoml/13859/profiles/R13859_021.nc,1998-03-07T14:41:40Z,1.173,-20.82,A,845,AO,2018-10-11T18:09:09Z
aoml/13859/profiles/R13859_022.nc,1998-03-18T14:24:28Z,1.483,-20.91,A,845,AO,2018-10-11T18:09:09Z
aoml/13859/profiles/R13859_023.nc,1998-03-29T15:39:14Z,1.934,-21.18,A,845,AO,2018-10-11T18:09:09Z
aoml/13859/profiles/R13859_024.nc,1998-04-09T15:18:48Z,1.62,-21.304,A,845,AO,2018-10-11T18:09:09Z
aoml/13859/profiles/R13859_025.nc,1998-04-20T14:59:00Z,1.529,-21.584,A,845,AO,2018-10-11T18:09:10Z
aoml/13859/profiles/R13859_026.nc,1998-05-01T14:41:21Z,1.633,-22.031,A,845,AO,2018-10-11T18:09:10Z
aoml/13859/profiles/R13859_027.nc,1998-05-12T14:22:55Z,1.543,-22.542,A,845,AO,2018-10-11T18:09:10Z
aoml/13859/profiles/R13859_028.nc,1998-05-23T15:36:31Z,1.329,-22.922,A,845,AO,2018-10-11T18:09:10Z
aoml/13859/profiles/R13859_029.nc,1998-06-03T15:16:14Z,1.291,-23.169,A,845,AO,2018-10-11T18:09:11Z
aoml/13859/profiles/R13859_030.nc,1998-06-14T14:55:50Z,1.203,-22.805,A,845,AO,2018-10-11T18:09:11Z
aoml/13859/profiles/R13859_031.nc,1998-06-25T14:36:38Z,0.947,-22.894,A,845,AO,2018-10-11T18:09:11Z
aoml/13859/profiles/R13859_032.nc,1998-07-06T15:52:24Z,1.2,-23.175,A,845,AO,2018-10-11T18:09:12Z
aoml/13859/profiles/R13859_033.nc,1998-07-17T15:30:47Z,1.177,-24.056,A,845,AO,2018-10-11T18:09:12Z
aoml/13859/profiles/R13859_034.nc,1998-07-28T15:11:06Z,1.324,-24.505,A,845,AO,2018-10-11T18:09:12Z
aoml/13859/profiles/R13859_035.nc,1998-08-08T14:51:40Z,0.823,-25.353,A,845,AO,2018-10-11T18:09:13Z
aoml/13859/profiles/R13859_036.nc,1998-08-19T16:07:08Z,1.045,-26.14,A,845,AO,2018-10-11T18:09:13Z
aoml/13859/profiles/R13859_037.nc,1998-08-30T15:46:42Z,0.886,-26.171,A,845,AO,2018-10-11T18:09:13Z
aoml/13859/profiles/R13859_038.nc,1998-09-10T15:26:14Z,1.273,-25.712,A,845,AO,2018-10-11T18:09:13Z
aoml/13859/profiles/R13859_039.nc,1998-09-21T15:06:40Z,0.687,-25.632,A,845,AO,2018-10-11T18:09:14Z
aoml/13859/profiles/R13859_040.nc,1998-10-02T14:48:08Z,1.043,-25.983,A,845,AO,2018-10-11T18:09:14Z
aoml/13859/profiles/R13859_041.nc,1998-10-13T16:00:41Z,1.234,-25.476,A,845,AO,2018-10-11T18:09:14Z
aoml/13859/profiles/R13859_042.nc,1998-10-24T15:42:48Z,2.22,-25.6,A,845,AO,2018-10-11T18:09:15Z
aoml/13859/profiles/R13859_043.nc,1998-11-04T15:20:57Z,2.886,-24.559,A,845,AO,2018-10-11T18:09:15Z
aoml/13859/profiles/R13859_044.nc,1998-11-15T14:58:44Z,2.698,-24.18,A,845,AO,2018-10-11T18:09:15Z
aoml/13859/profiles/R13859_045.nc,1998-11-26T16:14:40Z,1.955,-24.266,A,845,AO,2018-10-11T18:09:16Z
aoml/13859/profiles/R13859_046.nc,1998-12-07T15:53:04Z,1.255,-24.964,A,845,AO,2018-10-11T18:09:16Z
aoml/13859/profiles/R13859_047.nc,1998-12-18T15:31:25Z,1.429,-25.67,A,845,AO,2018-10-11T18:09:16Z
aoml/13859/profiles/R13859_048.nc,1998-12-29T15:10:56Z,2.112,-24.955,A,845,AO,2018-10-11T18:09:17Z
aoml/13859/profiles/R13859_049.nc,1999-01-09T14:54:58Z,2.358,-24.31,A,845,AO,2018-10-11T18:09:17Z
aoml/13859/profiles/R13859_050.nc,1999-01-20T16:04:51Z,2.712,-24.195,A,845,AO,2018-10-11T18:09:17Z
aoml/13859/profiles/R13859_051.nc,1999-01-31T15:44:24Z,2.782,-24.217,A,845,AO,2018-10-11T18:09:17Z
aoml/13859/profiles/R13859_052.nc,1999-02-11T15:21:35Z,3.294,-24.722,A,845,AO,2018-10-11T18:09:18Z
aoml/13859/profiles/R13859_053.nc,1999-02-22T15:02:59Z,3.831,-25.654,A,845,AO,2018-10-11T18:09:18Z
aoml/13859/profiles/R13859_054.nc,1999-03-05T16:15:10Z,4.069,-26.318,A,845,AO,2018-10-11T18:09:18Z
aoml/13859/profiles/R13859_055.nc,1999-03-16T15:56:36Z,4.197,-26.468,A,845,AO,2018-10-11T18:09:19Z
aoml/13859/profiles/R13859_056.nc,1999-03-27T15:35:43Z,4.379,-26.837,A,845,AO,2018-10-11T18:09:19Z
aoml/13859/profiles/R13859_057.nc,1999-04-07T11:39:13Z,4.545,-27.149,A,845,AO,2018-10-11T18:09:19Z
aoml/13859/profiles/R13859_058.nc,1999-04-18T12:47:51Z,4.314,-27.817,A,845,AO,2018-10-11T18:09:19Z
aoml/13859/profiles/R13859_059.nc,1999-04-29T12:05:41Z,4.466,-28.615,A,845,AO,2018-10-11T18:09:20Z
aoml/13859/profiles/R13859_060.nc,1999-05-10T11:25:55Z,4.515,-29.417,A,845,AO,2018-10-11T18:09:20Z
aoml/13859/profiles/R13859_061.nc,1999-05-21T12:30:28Z,4.48,-30.197,A,845,AO,2018-10-11T18:09:20Z
aoml/13859/profiles/R13859_062.nc,1999-06-01T11:49:58Z,4.49,-30.702,A,845,AO,2018-10-11T18:09:20Z
aoml/13859/profiles/R13859_063.nc,1999-06-12T11:18:24Z,4.042,-30.636,A,845,AO,2018-10-11T18:09:21Z
aoml/13859/profiles/R13859_064.nc,1999-06-23T12:13:34Z,3.676,-31.098,A,845,AO,2018-10-11T18:09:21Z
aoml/13859/profiles/R13859_065.nc,1999-07-04T11:13:46Z,3.688,-31.811,A,845,AO,2018-10-11T18:09:21Z
aoml/13859/profiles/R13859_066.nc,1999-07-15T12:40:23Z,3.231,-32.638,A,845,AO,2018-10-11T18:09:22Z
aoml/13859/profiles/R13859_067.nc,1999-07-26T11:25:02Z,2.965,-32.75,A,845,AO,2018-10-11T18:09:22Z
aoml/13859/profiles/R13859_068.nc,1999-08-06T11:20:01Z,2.97,-32.549,A,845,AO,2018-10-11T18:09:22Z
aoml/13859/profiles/R13859_069.nc,1999-08-17T12:22:28Z,2.95,-32.742,A,845,AO,2018-10-11T18:09:22Z
aoml/13859/profiles/R13859_070.nc,1999-08-28T11:43:31Z,3.384,-33.254,A,845,AO,2018-10-11T18:09:23Z
aoml/13859/profiles/R13859_071.nc,1999-09-08T11:10:34Z,3.872,-33.677,A,845,AO,2018-10-11T18:09:23Z
aoml/13859/profiles/R13859_072.nc,1999-09-19T11:07:46Z,5.01,-33.523,A,845,AO,2018-10-11T18:09:23Z
aoml/13859/profiles/R13859_073.nc,1999-09-30T11:28:30Z,5.476,-32.719,A,845,AO,2018-10-11T18:09:23Z
aoml/13859/profiles/R13859_074.nc,1999-10-11T11:15:15Z,4.881,-32.253,A,845,AO,2018-10-11T18:09:24Z
aoml/13859/profiles/R13859_075.nc,1999-10-22T11:48:42Z,4.309,-32.372,A,845,AO,2018-10-11T18:09:24Z
aoml/13859/profiles/R13859_076.nc,1999-11-02T11:09:56Z,3.728,-32.364,A,845,AO,2018-10-11T18:09:24Z
aoml/13859/profiles/R13859_077.nc,1999-11-13T12:10:30Z,4.136,-32.593,A,845,AO,2018-10-11T18:09:25Z
aoml/13859/profiles/R13859_078.nc,1999-11-24T11:30:50Z,4.734,-32.366,A,845,AO,2018-10-11T18:09:25Z
aoml/13859/profiles/R13859_079.nc,1999-12-05T12:32:11Z,4.753,-31.698,A,845,AO,2018-10-11T18:09:25Z
aoml/13859/profiles/R13859_080.nc,1999-12-16T11:52:02Z,5.357,-31.661,A,845,AO,2018-10-11T18:09:26Z
aoml/13859/profiles/R13859_081.nc,1999-12-27T11:04:27Z,5.928,-31.594,A,845,AO,2018-10-11T18:09:26Z
aoml/13859/profiles/R13859_082.nc,2000-01-07T12:20:41Z,5.525,-31.107,A,845,AO,2018-10-11T18:09:26Z
aoml/13859/profiles/R13859_083.nc,2000-01-18T11:14:46Z,4.375,-31.059,A,845,AO,2018-10-11T18:09:26Z
aoml/13859/profiles/R13859_084.nc,2000-01-29T10:59:41Z,4.24,-31.22,A,845,AO,2018-10-11T18:09:27Z
aoml/13859/profiles/R13859_085.nc,2000-02-09T11:53:31Z,4.918,-30.854,A,845,AO,2018-10-11T18:09:27Z
aoml/13859/profiles/R13859_086.nc,2000-02-20T11:13:59Z,4.293,-30.194,A,845,AO,2018-10-11T18:09:27Z
aoml/13859/profiles/R13859_087.nc,2000-03-02T12:14:14Z,3.971,-30.302,A,845,AO,2018-10-11T18:09:27Z
aoml/13859/profiles/R13859_088.nc,2000-03-13T11:32:24Z,4.351,-30.172,A,845,AO,2018-10-11T18:09:27Z
aoml/13859/profiles/R13859_089.nc,2000-03-24T10:59:50Z,4.337,-30.475,A,845,AO,2018-10-11T18:09:28Z
aoml/13859/profiles/R13859_090.nc,2000-04-04T11:03:40Z,4.223,-30.92,A,845,AO,2018-10-11T18:09:28Z
aoml/13859/profiles/R13859_091.nc,2000-04-15T11:13:42Z,4.102,-31.41,A,845,AO,2018-10-11T18:09:28Z
aoml/13859/profiles/R13859_092.nc,2000-04-26T11:03:55Z,3.92,-31.953,A,845,AO,2018-10-11T18:09:28Z
aoml/13859/profiles/R13859_093.nc,2000-05-07T11:30:43Z,3.719,-32.281,A,845,AO,2018-10-11T18:09:29Z
aoml/13859/profiles/R13859_094.nc,2000-05-18T11:12:06Z,3.63,-32.776,A,845,AO,2018-10-11T18:09:29Z
aoml/13859/profiles/R13859_095.nc,2000-05-29T11:48:29Z,3.958,-32.605,A,845,AO,2018-10-11T18:09:29Z
aoml/13859/profiles/R13859_096.nc,2000-06-09T11:08:49Z,4.606,-31.98,A,845,AO,2018-10-11T18:09:29Z
aoml/13859/profiles/R13859_097.nc,2000-06-20T12:04:53Z,4.434,-31.269,A,845,AO,2018-10-11T18:09:30Z
aoml/13859/profiles/R13859_098.nc,2000-07-01T11:24:13Z,4.364,-30.674,A,845,AO,2018-10-11T18:09:30Z
aoml/13859/profiles/R13859_099.nc,2000-07-12T12:23:55Z,4.647,-29.924,A,845,AO,2018-10-11T18:09:30Z
aoml/13859/profiles/R13859_100.nc,2000-07-23T11:40:17Z,4.83,-29.142,A,845,AO,2018-10-11T18:09:30Z
aoml/13859/profiles/R13859_101.nc,2000-08-03T11:12:47Z,4.921,-28.585,A,845,AO,2018-10-11T18:09:31Z
aoml/13859/profiles/R13859_102.nc,2000-08-14T11:57:28Z,4.746,-28.494,A,845,AO,2018-10-11T18:09:31Z
aoml/13859/profiles/R13859_103.nc,2000-08-25T11:16:02Z,4.288,-29.09,A,845,AO,2018-10-11T18:09:31Z
aoml/13859/profiles/R13859_104.nc,2000-09-05T12:13:18Z,3.851,-29.858,A,845,AO,2018-10-11T18:09:31Z
aoml/13859/profiles/R13859_105.nc,2000-09-16T11:32:01Z,3.56,-30.199,A,845,AO,2018-10-11T18:09:31Z
aoml/13859/profiles/R13859_106.nc,2000-09-27T17:58:42Z,3.627,-29.765,A,845,AO,2018-10-11T18:09:32Z
aoml/13859/profiles/R13859_107.nc,2000-10-08T11:46:50Z,3.508,-29.737,A,845,AO,2018-10-11T18:09:32Z
aoml/13859/profiles/R13859_108.nc,2000-10-19T12:45:49Z,4.006,-29.747,A,845,AO,2018-10-11T18:09:32Z
aoml/13859/profiles/R13859_109.nc,2000-10-30T12:01:06Z,4.947,-29.577,A,845,AO,2018-10-11T18:09:32Z
aoml/13859/profiles/R13859_110.nc,2000-11-10T11:29:57Z,5.128,-28.838,A,845,AO,2018-10-11T18:09:33Z
aoml/13859/profiles/R13859_111.nc,2000-11-21T12:15:31Z,5.031,-28.417,A,845,AO,2018-10-11T18:09:33Z
aoml/13859/profiles/R13859_112.nc,2000-12-02T13:15:29Z,5.153,-28.144,A,845,AO,2018-10-11T18:09:33Z
aoml/13859/profiles/R13859_113.nc,2000-12-13T12:30:31Z,4.922,-28.117,A,845,AO,2018-10-11T18:09:33Z
aoml/13859/profiles/R13859_114.nc,2000-12-24T11:53:34Z,4.541,-28.403,A,845,AO,2018-10-11T18:09:33Z
aoml/13859/profiles/R13859_115.nc,2001-01-04T12:44:29Z,4.782,-28.138,A,845,AO,2018-10-11T18:09:34Z
aoml/13859/profiles/R13859_116.nc,2001-01-15T12:04:33Z,4.899,-27.722,A,845,AO,2018-10-11T18:09:34Z
aoml/13859/profiles/R13859_117.nc,2001-01-26T12:58:23Z,4.836,-26.988,A,845,AO,2018-10-11T18:09:34Z
aoml/13859/profiles/R13859_118.nc,2001-02-06T12:12:42Z,5.193,-26.661,A,845,AO,2018-10-11T18:09:34Z
aoml/13859/profiles/R13859_119.nc,2001-02-17T13:12:39Z,5.273,-26.428,A,845,AO,2018-10-11T18:09:34Z
aoml/13859/profiles/R13859_120.nc,2001-02-28T12:26:17Z,5.055,-26,A,845,AO,2018-10-11T18:09:34Z
aoml/13859/profiles/R13859_121.nc,2001-03-11T13:25:16Z,4.868,-26.184,A,845,AO,2018-10-11T18:09:35Z
aoml/13859/profiles/R13859_122.nc,2001-03-22T12:39:57Z,4.916,-26.365,A,845,AO,2018-10-11T18:09:35Z
aoml/13859/profiles/R13859_123.nc,2001-04-02T11:54:00Z,4.641,-26.513,A,845,AO,2018-10-11T18:09:35Z
aoml/13859/profiles/R13859_124.nc,2001-04-13T12:52:00Z,4.478,-26.879,A,845,AO,2018-10-11T18:09:35Z
aoml/13859/profiles/R13859_125.nc,2001-04-24T12:05:31Z,4.366,-27.642,A,845,AO,2018-10-11T18:09:36Z
aoml/13859/profiles/R13859_126.nc,2001-05-05T13:05:09Z,4.515,-28.439,A,845,AO,2018-10-11T18:09:36Z
aoml/13859/profiles/R13859_127.nc,2001-05-16T12:16:40Z,4.94,-28.646,A,845,AO,2018-10-11T18:09:36Z
aoml/13859/profiles/R13859_128.nc,2001-05-27T13:14:29Z,4.579,-28.671,A,845,AO,2018-10-11T18:09:37Z
aoml/13859/profiles/R13859_129.nc,2001-06-07T12:27:58Z,4.166,-28.895,A,845,AO,2018-10-11T18:09:37Z
aoml/13859/profiles/R13859_130.nc,2001-06-18T11:50:58Z,3.857,-29.098,A,845,AO,2018-10-11T18:09:37Z
aoml/13859/profiles/R13859_131.nc,2001-06-29T12:39:53Z,3.973,-29.365,A,845,AO,2018-10-11T18:09:38Z
aoml/13859/profiles/R13859_132.nc,2001-07-10T12:01:00Z,4.137,-29.668,A,845,AO,2018-10-11T18:09:38Z
aoml/13859/profiles/R13859_133.nc,2001-07-21T12:49:28Z,3.958,-29.91,A,845,AO,2018-10-11T18:09:38Z
aoml/13859/profiles/R13859_134.nc,2001-08-01T12:03:38Z,4.149,-30.096,A,845,AO,2018-10-11T18:09:38Z
aoml/13859/profiles/R13859_135.nc,2001-08-12T12:58:59Z,3.927,-30.257,A,845,AO,2018-10-11T18:09:38Z
aoml/13859/profiles/R13859_136.nc,2001-08-23T12:13:46Z,4.2,-30.683,A,845,AO,2018-10-11T18:09:39Z
aoml/13859/profiles/R13859_137.nc,2001-09-03T13:09:14Z,4.49,-30.488,A,845,AO,2018-10-11T18:09:39Z
aoml/13859/profiles/R13859_138.nc,2001-09-14T12:24:05Z,4.773,-30.024,A,845,AO,2018-10-11T18:09:39Z
aoml/13859/profiles/R13859_139.nc,2001-09-25T13:20:10Z,4.677,-29.831,A,845,AO,2018-10-11T18:09:39Z
aoml/13859/profiles/R13859_140.nc,2001-10-06T12:31:56Z,4.934,-29.83,A,845,AO,2018-10-11T18:09:39Z
aoml/13859/profiles/R13859_141.nc,2001-10-17T13:28:40Z,5.291,-29.325,A,845,AO,2018-10-11T18:09:40Z
aoml/13859/profiles/R13859_142.nc,2001-10-28T12:40:28Z,5.241,-29.061,A,845,AO,2018-10-11T18:09:40Z
aoml/13859/profiles/R13859_143.nc,2001-11-08T13:37:15Z,5.272,-28.504,A,845,AO,2018-10-11T18:09:40Z
aoml/13859/profiles/R13859_144.nc,2001-11-19T12:48:46Z,5.609,-27.965,A,845,AO,2018-10-11T18:09:40Z
aoml/13859/profiles/R13859_145.nc,2001-11-30T13:44:14Z,5.232,-27.363,A,845,AO,2018-10-11T18:09:40Z
aoml/13859/profiles/R13859_146.nc,2001-12-11T12:55:09Z,4.946,-26.719,A,845,AO,2018-10-11T18:09:41Z
aoml/13859/profiles/R13859_147.nc,2001-12-22T13:52:15Z,5.193,-25.836,A,845,AO,2018-10-11T18:09:41Z
aoml/13859/profiles/R13859_148.nc,2002-01-02T13:02:25Z,4.79,-25.093,A,845,AO,2018-10-11T18:09:41Z
aoml/13859/profiles/R13859_149.nc,2002-01-13T13:46:51Z,4.977,-24.659,A,845,AO,2018-10-11T18:09:41Z
aoml/13859/profiles/R13859_150.nc,2002-01-24T13:09:25Z,4.858,-24.579,A,845,AO,2018-10-11T18:09:41Z
aoml/13859/profiles/R13859_151.nc,2002-02-04T10:31:27Z,4.486,-24.294,A,845,AO,2018-10-11T18:09:42Z
aoml/13859/profiles/R13859_152.nc,2002-02-15T11:31:06Z,4.79,-23.83,A,845,AO,2018-10-11T18:09:42Z
aoml/13859/profiles/R13859_153.nc,2002-02-26T10:26:03Z,5.086,-23.529,A,845,AO,2018-10-11T18:09:42Z
aoml/13859/profiles/R13859_154.nc,2002-03-09T11:36:14Z,4.538,-23.68,A,845,AO,2018-10-11T18:09:42Z
aoml/13859/profiles/R13859_155.nc,2002-03-20T10:52:39Z,3.761,-24.448,A,845,AO,2018-10-11T18:09:43Z
aoml/15819/profiles/R15819_001.nc,1997-08-13T13:55:20Z,-5.956,-19.398,A,845,AO,2018-10-11T18:06:10Z
aoml/15819/profiles/R15819_002.nc,1997-08-24T15:10:30Z,-5.863,-18.864,A,845,AO,2018-10-11T18:06:10Z
aoml/15819/profiles/R15819_003.nc,1997-09-04T14:50:06Z,-5.695,-18.442,A,845,AO,2018-10-11T18:06:10Z
aoml/15819/profiles/R15819_004.nc,1997-09-15T14:31:54Z,-5.807,-18.353,A,845,AO,2018-10-11T18:06:11Z
aoml/15819/profiles/R15819_005.nc,1997-09-26T14:12:18Z,-5.769,-18.161,A,845,AO,2018-10-11T18:06:11Z
aoml/15819/profiles/R15819_006.nc,1997-10-07T13:54:05Z,-5.568,-17.759,A,845,AO,2018-10-11T18:06:11Z
aoml/15819/profiles/R15819_007.nc,1997-10-18T15:10:26Z,-5.833,-17.074,A,845,AO,2018-10-11T18:06:12Z
aoml/15819/profiles/R15819_008.nc,1997-10-29T14:50:20Z,-5.945,-16.514,A,845,AO,2018-10-11T18:06:12Z
aoml/15819/profiles/R15819_009.nc,1997-11-09T14:30:31Z,-6.324,-16.427,A,845,AO,2018-10-11T18:06:12Z
aoml/15819/profiles/R15819_010.nc,1997-11-20T14:10:56Z,-6.831,-16.683,A,845,AO,2018-10-11T18:06:13Z
aoml/15819/profiles/R15819_011.nc,1997-12-01T13:53:53Z,-7.271,-17.069,A,845,AO,2018-10-11T18:06:13Z
aoml/15819/profiles/R15819_012.nc,1997-12-12T15:09:25Z,-7.519,-17.292,A,845,AO,2018-10-11T18:06:13Z
aoml/15819/profiles/R15819_013.nc,1997-12-23T14:49:04Z,-7.563,-17.259,A,845,AO,2018-10-11T18:06:13Z
aoml/15819/profiles/R15819_014.nc,1998-01-03T14:29:25Z,-7.401,-17.309,A,845,AO,2018-10-11T18:06:14Z
aoml/15819/profiles/R15819_015.nc,1998-01-14T14:10:44Z,-7.33,-17.51,A,845,AO,2018-10-11T18:06:14Z
aoml/15819/profiles/R15819_016.nc,1998-01-25T15:27:15Z,-7.333,-17.755,A,845,AO,2018-10-11T18:06:14Z
aoml/15819/profiles/R15819_017.nc,1998-02-05T15:06:48Z,-7.519,-17.943,A,845,AO,2018-10-11T18:06:15Z
aoml/15819/profiles/R15819_018.nc,1998-02-16T14:47:07Z,-7.623,-18.196,A,845,AO,2018-10-11T18:06:15Z
aoml/15819/profiles/R15819_019.nc,1998-02-27T14:29:46Z,-7.667,-18.488,A,845,AO,2018-10-11T18:06:15Z
aoml/15819/profiles/R15819_020.nc,1998-03-10T14:09:03Z,-7.774,-18.653,A,845,AO,2018-10-11T18:06:15Z
aoml/15819/profiles/R15819_021.nc,1998-03-21T15:24:27Z,-7.68,-18.694,A,845,AO,2018-10-11T18:06:16Z
aoml/15819/profiles/R15819_022.nc,1998-04-01T15:04:40Z,-7.508,-18.747,A,845,AO,2018-10-11T18:06:16Z
aoml/15819/profiles/R15819_023.nc,1998-04-12T14:45:55Z,-7.491,-18.805,A,845,AO,2018-10-11T18:06:16Z
aoml/15819/profiles/R15819_024.nc,1998-04-23T14:26:26Z,-7.52,-18.876,A,845,AO,2018-10-11T18:06:17Z
aoml/15819/profiles/R15819_025.nc,1998-05-04T14:07:33Z,-7.473,-19.025,A,845,AO,2018-10-11T18:06:17Z
aoml/15819/profiles/R15819_026.nc,1998-05-15T15:21:28Z,-7.488,-19.255,A,845,AO,2018-10-11T18:06:17Z
aoml/15819/profiles/R15819_027.nc,1998-05-26T15:01:08Z,-7.445,-19.464,A,845,AO,2018-10-11T18:06:17Z
aoml/15819/profiles/R15819_028.nc,1998-06-06T14:46:19Z,-7.351,-1,,,,
